{
  "firstLayout": "",
  "gdVersion": {
    "build": 98,
    "major": 4,
    "minor": 0,
    "revision": 0
  },
  "properties": {
    "adMobAppId": "",
    "adaptGameResolutionAtRuntime": true,
    "folderProject": false,
    "linuxExecutableFilename": "",
    "macExecutableFilename": "",
    "orientation": "landscape",
    "packageName": "com.example.knifehit",
    "projectFile": "C:\\Users\\Unekwu\\Documents\\GDevelop projects\\My project645\\game.json",
    "scaleMode": "linear",
    "sizeOnStartupMode": "adaptWidth",
    "useExternalSourceFiles": false,
    "version": "1.0.0",
    "winExecutableFilename": "",
    "winExecutableIconFile": "",
    "name": "Knife Hit",
    "author": "THE GEM TUTORIALS",
    "windowWidth": 400,
    "windowHeight": 600,
    "latestCompilationDirectory": "",
    "maxFPS": 60,
    "minFPS": 20,
    "verticalSync": false,
    "platformSpecificAssets": {},
    "loadingScreen": {
      "showGDevelopSplash": true
    },
    "extensions": [
      {
        "name": "BuiltinObject"
      },
      {
        "name": "BuiltinAudio"
      },
      {
        "name": "BuiltinVariables"
      },
      {
        "name": "BuiltinTime"
      },
      {
        "name": "BuiltinMouse"
      },
      {
        "name": "BuiltinKeyboard"
      },
      {
        "name": "BuiltinJoystick"
      },
      {
        "name": "BuiltinCamera"
      },
      {
        "name": "BuiltinWindow"
      },
      {
        "name": "BuiltinFile"
      },
      {
        "name": "BuiltinNetwork"
      },
      {
        "name": "BuiltinScene"
      },
      {
        "name": "BuiltinAdvanced"
      },
      {
        "name": "Sprite"
      },
      {
        "name": "BuiltinCommonInstructions"
      },
      {
        "name": "BuiltinCommonConversions"
      },
      {
        "name": "BuiltinStringInstructions"
      },
      {
        "name": "BuiltinMathematicalTools"
      },
      {
        "name": "BuiltinExternalLayouts"
      }
    ],
    "platforms": [
      {
        "name": "GDevelop JS platform"
      }
    ],
    "currentPlatform": "GDevelop JS platform"
  },
  "resources": {
    "resources": [
      {
        "alwaysLoaded": false,
        "file": "bg_wood.png",
        "kind": "image",
        "metadata": "",
        "name": "bg_wood.png",
        "smoothed": true,
        "userAdded": true
      },
      {
        "alwaysLoaded": false,
        "file": "Target_Normal.png",
        "kind": "image",
        "metadata": "",
        "name": "Target_Normal.png",
        "smoothed": true,
        "userAdded": true
      },
      {
        "alwaysLoaded": false,
        "file": "Kunai.png",
        "kind": "image",
        "metadata": "",
        "name": "Kunai.png",
        "smoothed": true,
        "userAdded": true
      },
      {
        "alwaysLoaded": false,
        "file": "Kunai-1.png",
        "kind": "image",
        "metadata": "",
        "name": "Kunai-1.png",
        "smoothed": true,
        "userAdded": true
      },
      {
        "alwaysLoaded": false,
        "file": "NewObject-1.png",
        "kind": "image",
        "metadata": "",
        "name": "NewObject-1.png",
        "smoothed": true,
        "userAdded": true
      },
      {
        "alwaysLoaded": false,
        "file": "NewObject-1-0.png",
        "kind": "image",
        "metadata": "",
        "name": "NewObject-1-0.png",
        "smoothed": true,
        "userAdded": false
      },
      {
        "alwaysLoaded": false,
        "file": "background-sheet0.png",
        "kind": "image",
        "metadata": "",
        "name": "background-sheet0.png",
        "smoothed": true,
        "userAdded": true
      },
      {
        "file": "BAUHS93.TTF",
        "kind": "font",
        "metadata": "",
        "name": "BAUHS93.TTF",
        "userAdded": true
      },
      {
        "file": "sound/hit/ev_apple_hit_gold_3.mp3",
        "kind": "audio",
        "metadata": "",
        "name": "sound\\hit\\ev_apple_hit_gold_3.mp3",
        "userAdded": true
      },
      {
        "file": "sound/hit/ev_apple_hit_2.mp3",
        "kind": "audio",
        "metadata": "",
        "name": "sound\\hit\\ev_apple_hit_2.mp3",
        "userAdded": false
      },
      {
        "alwaysLoaded": false,
        "file": "Bosses/play_enemy_01.png",
        "kind": "image",
        "metadata": "",
        "name": "Bosses\\play_enemy_01.png",
        "smoothed": true,
        "userAdded": false
      },
      {
        "alwaysLoaded": false,
        "file": "Home/home_background.png",
        "kind": "image",
        "metadata": "",
        "name": "Home\\home_background.png",
        "smoothed": true,
        "userAdded": true
      },
      {
        "alwaysLoaded": false,
        "file": "Home/home_playIcon.png",
        "kind": "image",
        "metadata": "",
        "name": "Home\\home_playIcon.png",
        "smoothed": true,
        "userAdded": false
      },
      {
        "alwaysLoaded": false,
        "file": "Home/HomeIcon_Setting.png",
        "kind": "image",
        "metadata": "",
        "name": "Home\\HomeIcon_Setting.png",
        "smoothed": true,
        "userAdded": false
      },
      {
        "alwaysLoaded": false,
        "file": "Home/HomeIcon3.png",
        "kind": "image",
        "metadata": "",
        "name": "Home\\HomeIcon3.png",
        "smoothed": true,
        "userAdded": true
      },
      {
        "alwaysLoaded": false,
        "file": "Home/Setting/BG1.png",
        "kind": "image",
        "metadata": "",
        "name": "Home\\Setting\\BG1.png",
        "smoothed": true,
        "userAdded": true
      },
      {
        "alwaysLoaded": false,
        "file": "Home/Setting/setting_back.png",
        "kind": "image",
        "metadata": "",
        "name": "Home\\Setting\\setting_back.png",
        "smoothed": true,
        "userAdded": true
      },
      {
        "alwaysLoaded": false,
        "file": "Home/Setting/setting_button_off.png",
        "kind": "image",
        "metadata": "",
        "name": "Home\\Setting\\setting_button_off.png",
        "smoothed": true,
        "userAdded": true
      },
      {
        "alwaysLoaded": false,
        "file": "Home/Setting/setting_button_on.png",
        "kind": "image",
        "metadata": "",
        "name": "Home\\Setting\\setting_button_on.png",
        "smoothed": true,
        "userAdded": true
      }
    ],
    "resourceFolders": []
  },
  "objects": [],
  "objectsGroups": [],
  "variables": [],
  "layouts": [
    {
      "b": 209,
      "disableInputWhenNotFocused": true,
      "mangledName": "Menu",
      "name": "Menu",
      "oglFOV": 90,
      "oglZFar": 500,
      "oglZNear": 1,
      "r": 209,
      "standardSortMethod": true,
      "stopSoundsOnStartup": true,
      "title": "",
      "v": 209,
      "uiSettings": {
        "grid": false,
        "gridB": 255,
        "gridG": 180,
        "gridHeight": 32,
        "gridOffsetX": 0,
        "gridOffsetY": 0,
        "gridR": 158,
        "gridWidth": 32,
        "snap": true,
        "windowMask": false,
        "zoomFactor": 0.904
      },
      "objectsGroups": [],
      "variables": [],
      "instances": [
        {
          "angle": 0,
          "customSize": false,
          "height": 0,
          "layer": "",
          "locked": false,
          "name": "Name",
          "width": 0,
          "x": 71,
          "y": 133,
          "zOrder": 1,
          "numberProperties": [],
          "stringProperties": [],
          "initialVariables": []
        },
        {
          "angle": 0,
          "customSize": true,
          "height": 600,
          "layer": "",
          "locked": false,
          "name": "Bg",
          "width": 400,
          "x": 0,
          "y": 0,
          "zOrder": -1,
          "numberProperties": [],
          "stringProperties": [],
          "initialVariables": []
        },
        {
          "angle": 0,
          "customSize": false,
          "height": 0,
          "layer": "",
          "locked": false,
          "name": "Play_button",
          "width": 0,
          "x": 99,
          "y": 421,
          "zOrder": 2,
          "numberProperties": [],
          "stringProperties": [],
          "initialVariables": []
        },
        {
          "angle": 0,
          "customSize": false,
          "height": 0,
          "layer": "",
          "locked": false,
          "name": "settings",
          "width": 0,
          "x": 34,
          "y": 36,
          "zOrder": 3,
          "numberProperties": [],
          "stringProperties": [],
          "initialVariables": []
        },
        {
          "angle": 0,
          "customSize": false,
          "height": 0,
          "layer": "",
          "locked": false,
          "name": "logo",
          "width": 0,
          "x": 146,
          "y": 276,
          "zOrder": 4,
          "numberProperties": [],
          "stringProperties": [],
          "initialVariables": []
        }
      ],
      "objects": [
        {
          "bold": false,
          "italic": false,
          "name": "Name",
          "smoothed": true,
          "tags": "",
          "type": "TextObject::Text",
          "underlined": false,
          "variables": [],
          "behaviors": [],
          "string": "Knife Hit",
          "font": "BAUHS93.TTF",
          "characterSize": 70,
          "color": {
            "b": 255,
            "g": 255,
            "r": 255
          }
        },
        {
          "name": "Bg",
          "tags": "",
          "type": "Sprite",
          "updateIfNotVisible": false,
          "variables": [],
          "behaviors": [],
          "animations": [
            {
              "name": "",
              "useMultipleDirections": false,
              "directions": [
                {
                  "looping": false,
                  "timeBetweenFrames": 0.08,
                  "sprites": [
                    {
                      "hasCustomCollisionMask": false,
                      "image": "Home\\home_background.png",
                      "points": [],
                      "originPoint": {
                        "name": "origine",
                        "x": 0,
                        "y": 0
                      },
                      "centerPoint": {
                        "automatic": true,
                        "name": "centre",
                        "x": 0,
                        "y": 0
                      },
                      "customCollisionMask": []
                    }
                  ]
                }
              ]
            }
          ]
        },
        {
          "name": "Play_button",
          "tags": "",
          "type": "Sprite",
          "updateIfNotVisible": false,
          "variables": [],
          "behaviors": [],
          "animations": [
            {
              "name": "",
              "useMultipleDirections": false,
              "directions": [
                {
                  "looping": false,
                  "timeBetweenFrames": 0.08,
                  "sprites": [
                    {
                      "hasCustomCollisionMask": false,
                      "image": "Home\\home_playIcon.png",
                      "points": [],
                      "originPoint": {
                        "name": "origine",
                        "x": 0,
                        "y": 0
                      },
                      "centerPoint": {
                        "automatic": true,
                        "name": "centre",
                        "x": 0,
                        "y": 0
                      },
                      "customCollisionMask": []
                    }
                  ]
                }
              ]
            }
          ]
        },
        {
          "name": "settings",
          "tags": "",
          "type": "Sprite",
          "updateIfNotVisible": false,
          "variables": [],
          "behaviors": [],
          "animations": [
            {
              "name": "",
              "useMultipleDirections": false,
              "directions": [
                {
                  "looping": false,
                  "timeBetweenFrames": 0.08,
                  "sprites": [
                    {
                      "hasCustomCollisionMask": false,
                      "image": "Home\\HomeIcon_Setting.png",
                      "points": [],
                      "originPoint": {
                        "name": "origine",
                        "x": 32,
                        "y": 32.5
                      },
                      "centerPoint": {
                        "automatic": true,
                        "name": "centre",
                        "x": 0,
                        "y": 0
                      },
                      "customCollisionMask": []
                    }
                  ]
                }
              ]
            }
          ]
        },
        {
          "name": "logo",
          "tags": "",
          "type": "Sprite",
          "updateIfNotVisible": false,
          "variables": [],
          "behaviors": [],
          "animations": [
            {
              "name": "",
              "useMultipleDirections": false,
              "directions": [
                {
                  "looping": false,
                  "timeBetweenFrames": 0.08,
                  "sprites": [
                    {
                      "hasCustomCollisionMask": false,
                      "image": "Home\\HomeIcon3.png",
                      "points": [],
                      "originPoint": {
                        "name": "origine",
                        "x": 0,
                        "y": 0
                      },
                      "centerPoint": {
                        "automatic": true,
                        "name": "centre",
                        "x": 0,
                        "y": 0
                      },
                      "customCollisionMask": []
                    }
                  ]
                }
              ]
            }
          ]
        }
      ],
      "events": [
        {
          "disabled": false,
          "folded": false,
          "type": "BuiltinCommonInstructions::Standard",
          "conditions": [],
          "actions": [
            {
              "type": {
                "inverted": false,
                "value": "TextObject::SetOutline"
              },
              "parameters": [
                "Name",
                "\"0;0;0\"",
                "6"
              ],
              "subInstructions": []
            }
          ],
          "events": []
        },
        {
          "disabled": false,
          "folded": false,
          "type": "BuiltinCommonInstructions::Standard",
          "conditions": [
            {
              "type": {
                "inverted": false,
                "value": "SourisSurObjet"
              },
              "parameters": [
                "settings",
                "",
                "",
                ""
              ],
              "subInstructions": []
            }
          ],
          "actions": [
            {
              "type": {
                "inverted": false,
                "value": "Rotate"
              },
              "parameters": [
                "settings",
                "50",
                ""
              ],
              "subInstructions": []
            }
          ],
          "events": []
        },
        {
          "disabled": false,
          "folded": false,
          "type": "BuiltinCommonInstructions::Standard",
          "conditions": [
            {
              "type": {
                "inverted": false,
                "value": "SourisSurObjet"
              },
              "parameters": [
                "settings",
                "",
                "",
                ""
              ],
              "subInstructions": []
            },
            {
              "type": {
                "inverted": false,
                "value": "MouseButtonReleased"
              },
              "parameters": [
                "",
                "Left"
              ],
              "subInstructions": []
            }
          ],
          "actions": [
            {
              "type": {
                "inverted": false,
                "value": "Scene"
              },
              "parameters": [
                "",
                "\"setting\"",
                ""
              ],
              "subInstructions": []
            }
          ],
          "events": []
        },
        {
          "disabled": false,
          "folded": false,
          "type": "BuiltinCommonInstructions::Standard",
          "conditions": [
            {
              "type": {
                "inverted": false,
                "value": "SourisSurObjet"
              },
              "parameters": [
                "Play_button",
                "",
                "",
                ""
              ],
              "subInstructions": []
            },
            {
              "type": {
                "inverted": false,
                "value": "MouseButtonReleased"
              },
              "parameters": [
                "",
                "Left"
              ],
              "subInstructions": []
            }
          ],
          "actions": [
            {
              "type": {
                "inverted": false,
                "value": "Scene"
              },
              "parameters": [
                "",
                "\"main \"",
                ""
              ],
              "subInstructions": []
            }
          ],
          "events": []
        }
      ],
      "layers": [
        {
          "name": "",
          "visibility": true,
          "cameras": [
            {
              "defaultSize": true,
              "defaultViewport": true,
              "height": 0,
              "viewportBottom": 1,
              "viewportLeft": 0,
              "viewportRight": 1,
              "viewportTop": 0,
              "width": 0
            }
          ],
          "effects": []
        }
      ],
      "behaviorsSharedData": []
    },
    {
      "b": 209,
      "disableInputWhenNotFocused": true,
      "mangledName": "main_32",
      "name": "main ",
      "oglFOV": 90,
      "oglZFar": 500,
      "oglZNear": 1,
      "r": 209,
      "standardSortMethod": true,
      "stopSoundsOnStartup": true,
      "title": "",
      "v": 209,
      "uiSettings": {
        "grid": false,
        "gridB": 255,
        "gridG": 180,
        "gridHeight": 32,
        "gridOffsetX": 0,
        "gridOffsetY": 0,
        "gridR": 158,
        "gridWidth": 32,
        "snap": true,
        "windowMask": false,
        "zoomFactor": 1.762
      },
      "objectsGroups": [],
      "variables": [],
      "instances": [
        {
          "angle": 0,
          "customSize": true,
          "height": 600,
          "layer": "",
          "locked": false,
          "name": "bg",
          "width": 400,
          "x": 0,
          "y": 0,
          "zOrder": -12,
          "numberProperties": [],
          "stringProperties": [],
          "initialVariables": []
        },
        {
          "angle": 0,
          "customSize": true,
          "height": 200,
          "layer": "",
          "locked": false,
          "name": "wood",
          "width": 200,
          "x": 200,
          "y": 156,
          "zOrder": 2,
          "numberProperties": [
            {
              "name": "animation",
              "value": 0
            }
          ],
          "stringProperties": [],
          "initialVariables": []
        },
        {
          "angle": 0,
          "customSize": true,
          "height": 182,
          "layer": "",
          "locked": false,
          "name": "collision",
          "width": 400,
          "x": 0,
          "y": 418,
          "zOrder": -10,
          "numberProperties": [],
          "stringProperties": [],
          "initialVariables": []
        },
        {
          "angle": 0,
          "customSize": false,
          "height": 0,
          "layer": "",
          "locked": false,
          "name": "score",
          "width": 0,
          "x": 183,
          "y": 139,
          "zOrder": 3,
          "numberProperties": [],
          "stringProperties": [],
          "initialVariables": []
        },
        {
          "angle": 0,
          "customSize": true,
          "height": 26,
          "layer": "",
          "locked": false,
          "name": "scorebox",
          "width": 153,
          "x": 120,
          "y": 240,
          "zOrder": 4,
          "numberProperties": [],
          "stringProperties": [],
          "initialVariables": []
        },
        {
          "angle": 0,
          "customSize": false,
          "height": 0,
          "layer": "",
          "locked": false,
          "name": "channel",
          "width": 0,
          "x": 91,
          "y": 6,
          "zOrder": 22,
          "numberProperties": [],
          "stringProperties": [],
          "initialVariables": []
        }
      ],
      "objects": [
        {
          "name": "bg",
          "tags": "",
          "type": "Sprite",
          "updateIfNotVisible": false,
          "variables": [],
          "behaviors": [],
          "animations": [
            {
              "name": "",
              "useMultipleDirections": false,
              "directions": [
                {
                  "looping": false,
                  "timeBetweenFrames": 0.08,
                  "sprites": [
                    {
                      "hasCustomCollisionMask": false,
                      "image": "bg_wood.png",
                      "points": [],
                      "originPoint": {
                        "name": "origine",
                        "x": 0,
                        "y": 0
                      },
                      "centerPoint": {
                        "automatic": true,
                        "name": "centre",
                        "x": 0,
                        "y": 0
                      },
                      "customCollisionMask": []
                    }
                  ]
                }
              ]
            },
            {
              "name": "",
              "useMultipleDirections": false,
              "directions": [
                {
                  "looping": false,
                  "timeBetweenFrames": 0.08,
                  "sprites": [
                    {
                      "hasCustomCollisionMask": false,
                      "image": "background-sheet0.png",
                      "points": [],
                      "originPoint": {
                        "name": "origine",
                        "x": 0,
                        "y": 0
                      },
                      "centerPoint": {
                        "automatic": true,
                        "name": "centre",
                        "x": 0,
                        "y": 0
                      },
                      "customCollisionMask": []
                    }
                  ]
                }
              ]
            }
          ]
        },
        {
          "name": "wood",
          "tags": "",
          "type": "Sprite",
          "updateIfNotVisible": false,
          "variables": [],
          "behaviors": [],
          "animations": [
            {
              "name": "",
              "useMultipleDirections": false,
              "directions": [
                {
                  "looping": false,
                  "timeBetweenFrames": 0.08,
                  "sprites": [
                    {
                      "hasCustomCollisionMask": true,
                      "image": "Target_Normal.png",
                      "points": [],
                      "originPoint": {
                        "name": "origine",
                        "x": 256,
                        "y": 257.5
                      },
                      "centerPoint": {
                        "automatic": true,
                        "name": "centre",
                        "x": 254,
                        "y": 256.5
                      },
                      "customCollisionMask": [
                        [
                          {
                            "x": 504,
                            "y": 285
                          },
                          {
                            "x": 499,
                            "y": 201
                          },
                          {
                            "x": 474,
                            "y": 130
                          },
                          {
                            "x": 421,
                            "y": 65
                          },
                          {
                            "x": 355,
                            "y": 22
                          },
                          {
                            "x": 245,
                            "y": 2
                          },
                          {
                            "x": 129,
                            "y": 32
                          },
                          {
                            "x": 41,
                            "y": 116
                          },
                          {
                            "x": 8,
                            "y": 200
                          },
                          {
                            "x": 5,
                            "y": 302
                          },
                          {
                            "x": 40,
                            "y": 390
                          },
                          {
                            "x": 120,
                            "y": 474
                          },
                          {
                            "x": 225,
                            "y": 507
                          },
                          {
                            "x": 308,
                            "y": 504
                          },
                          {
                            "x": 385,
                            "y": 470
                          },
                          {
                            "x": 443,
                            "y": 422
                          },
                          {
                            "x": 486,
                            "y": 358
                          }
                        ]
                      ]
                    }
                  ]
                }
              ]
            }
          ]
        },
        {
          "name": "Knife",
          "tags": "",
          "type": "Sprite",
          "updateIfNotVisible": false,
          "variables": [],
          "behaviors": [],
          "animations": [
            {
              "name": "Kunai",
              "useMultipleDirections": false,
              "directions": [
                {
                  "looping": false,
                  "timeBetweenFrames": 0.08,
                  "sprites": [
                    {
                      "hasCustomCollisionMask": true,
                      "image": "Kunai-1.png",
                      "points": [
                        {
                          "name": "Point",
                          "x": 15,
                          "y": 0
                        }
                      ],
                      "originPoint": {
                        "name": "origine",
                        "x": 15,
                        "y": -17
                      },
                      "centerPoint": {
                        "automatic": false,
                        "name": "centre",
                        "x": 15,
                        "y": -17
                      },
                      "customCollisionMask": [
                        [
                          {
                            "x": 2,
                            "y": 71
                          },
                          {
                            "x": 15.6667,
                            "y": 74
                          },
                          {
                            "x": 27.6667,
                            "y": 70.6667
                          },
                          {
                            "x": 15,
                            "y": 157
                          }
                        ]
                      ]
                    }
                  ]
                }
              ]
            }
          ]
        },
        {
          "name": "collision",
          "tags": "",
          "type": "Sprite",
          "updateIfNotVisible": false,
          "variables": [],
          "behaviors": [],
          "animations": [
            {
              "name": "NewObject",
              "useMultipleDirections": false,
              "directions": [
                {
                  "looping": false,
                  "timeBetweenFrames": 0.08,
                  "sprites": [
                    {
                      "hasCustomCollisionMask": false,
                      "image": "NewObject-1.png",
                      "points": [],
                      "originPoint": {
                        "name": "origine",
                        "x": 0,
                        "y": 0
                      },
                      "centerPoint": {
                        "automatic": true,
                        "name": "centre",
                        "x": 0,
                        "y": 0
                      },
                      "customCollisionMask": []
                    }
                  ]
                }
              ]
            }
          ]
        },
        {
          "bold": false,
          "italic": false,
          "name": "score",
          "smoothed": true,
          "tags": "",
          "type": "TextObject::Text",
          "underlined": false,
          "variables": [],
          "behaviors": [],
          "string": "0",
          "font": "BAUHS93.TTF",
          "characterSize": 30,
          "color": {
            "b": 0,
            "g": 0,
            "r": 0
          }
        },
        {
          "name": "scorebox",
          "tags": "",
          "type": "Sprite",
          "updateIfNotVisible": false,
          "variables": [],
          "behaviors": [],
          "animations": [
            {
              "name": "NewObject",
              "useMultipleDirections": false,
              "directions": [
                {
                  "looping": false,
                  "timeBetweenFrames": 0.08,
                  "sprites": [
                    {
                      "hasCustomCollisionMask": false,
                      "image": "NewObject-1-0.png",
                      "points": [],
                      "originPoint": {
                        "name": "origine",
                        "x": 0,
                        "y": 0
                      },
                      "centerPoint": {
                        "automatic": true,
                        "name": "centre",
                        "x": 0,
                        "y": 0
                      },
                      "customCollisionMask": []
                    }
                  ]
                }
              ]
            }
          ]
        },
        {
          "bold": true,
          "italic": false,
          "name": "channel",
          "smoothed": true,
          "tags": "",
          "type": "TextObject::Text",
          "underlined": false,
          "variables": [],
          "behaviors": [],
          "string": "THE GEM TUTORIALS",
          "font": "",
          "characterSize": 20,
          "color": {
            "b": 0,
            "g": 0,
            "r": 0
          }
        }
      ],
      "events": [
        {
          "colorB": 27,
          "colorG": 2,
          "colorR": 208,
          "creationTime": 0,
          "disabled": false,
          "folded": false,
          "name": "Knife Force",
          "source": "",
          "type": "BuiltinCommonInstructions::Group",
          "events": [
            {
              "disabled": false,
              "folded": false,
              "type": "BuiltinCommonInstructions::Standard",
              "conditions": [
                {
                  "type": {
                    "inverted": false,
                    "value": "DepartScene"
                  },
                  "parameters": [
                    ""
                  ],
                  "subInstructions": []
                }
              ],
              "actions": [
                {
                  "type": {
                    "inverted": false,
                    "value": "Create"
                  },
                  "parameters": [
                    "",
                    "Knife",
                    "200",
                    "390",
                    ""
                  ],
                  "subInstructions": []
                }
              ],
              "events": []
            },
            {
              "disabled": false,
              "folded": false,
              "type": "BuiltinCommonInstructions::Standard",
              "conditions": [
                {
                  "type": {
                    "inverted": false,
                    "value": "SourisBouton"
                  },
                  "parameters": [
                    "",
                    "Left"
                  ],
                  "subInstructions": []
                },
                {
                  "type": {
                    "inverted": false,
                    "value": "Timer"
                  },
                  "parameters": [
                    "",
                    "1.5",
                    "\"clickagain\""
                  ],
                  "subInstructions": []
                },
                {
                  "type": {
                    "inverted": false,
                    "value": "BuiltinCommonInstructions::Once"
                  },
                  "parameters": [],
                  "subInstructions": []
                }
              ],
              "actions": [
                {
                  "type": {
                    "inverted": false,
                    "value": "ModVarScene"
                  },
                  "parameters": [
                    "force",
                    "=",
                    "1"
                  ],
                  "subInstructions": []
                },
                {
                  "type": {
                    "inverted": false,
                    "value": "ResetTimer"
                  },
                  "parameters": [
                    "",
                    "\"clickagain\""
                  ],
                  "subInstructions": []
                }
              ],
              "events": []
            },
            {
              "disabled": false,
              "folded": false,
              "type": "BuiltinCommonInstructions::Standard",
              "conditions": [
                {
                  "type": {
                    "inverted": false,
                    "value": "VarScene"
                  },
                  "parameters": [
                    "force",
                    "=",
                    "1"
                  ],
                  "subInstructions": []
                },
                {
                  "type": {
                    "inverted": false,
                    "value": "CollisionNP"
                  },
                  "parameters": [
                    "Knife",
                    "collision",
                    "",
                    "",
                    ""
                  ],
                  "subInstructions": []
                },
                {
                  "type": {
                    "inverted": false,
                    "value": "BuiltinCommonInstructions::Once"
                  },
                  "parameters": [],
                  "subInstructions": []
                }
              ],
              "actions": [
                {
                  "type": {
                    "inverted": false,
                    "value": "AddForceXY"
                  },
                  "parameters": [
                    "Knife",
                    "0",
                    "-800",
                    "1"
                  ],
                  "subInstructions": []
                },
                {
                  "type": {
                    "inverted": false,
                    "value": "ModVarScene"
                  },
                  "parameters": [
                    "force",
                    "=",
                    "0"
                  ],
                  "subInstructions": []
                }
              ],
              "events": []
            },
            {
              "disabled": false,
              "folded": false,
              "type": "BuiltinCommonInstructions::Standard",
              "conditions": [],
              "actions": [],
              "events": []
            }
          ],
          "parameters": []
        },
        {
          "colorB": 35,
          "colorG": 166,
          "colorR": 245,
          "creationTime": 0,
          "disabled": false,
          "folded": false,
          "name": "wood/knife rotate & pin",
          "source": "",
          "type": "BuiltinCommonInstructions::Group",
          "events": [
            {
              "disabled": false,
              "folded": false,
              "type": "BuiltinCommonInstructions::Standard",
              "conditions": [
                {
                  "type": {
                    "inverted": false,
                    "value": "DepartScene"
                  },
                  "parameters": [
                    ""
                  ],
                  "subInstructions": []
                }
              ],
              "actions": [
                {
                  "type": {
                    "inverted": false,
                    "value": "Cache"
                  },
                  "parameters": [
                    "collision"
                  ],
                  "subInstructions": []
                },
                {
                  "type": {
                    "inverted": false,
                    "value": "Cache"
                  },
                  "parameters": [
                    "scorebox"
                  ],
                  "subInstructions": []
                },
                {
                  "type": {
                    "inverted": false,
                    "value": "ModVarScene"
                  },
                  "parameters": [
                    "rotate",
                    "=",
                    "100"
                  ],
                  "subInstructions": []
                }
              ],
              "events": []
            },
            {
              "disabled": false,
              "folded": false,
              "type": "BuiltinCommonInstructions::Standard",
              "conditions": [
                {
                  "type": {
                    "inverted": false,
                    "value": "CollisionNP"
                  },
                  "parameters": [
                    "Knife",
                    "wood",
                    "",
                    "",
                    ""
                  ],
                  "subInstructions": []
                },
                {
                  "type": {
                    "inverted": true,
                    "value": "CollisionNP"
                  },
                  "parameters": [
                    "Knife",
                    "collision",
                    "",
                    "",
                    ""
                  ],
                  "subInstructions": []
                }
              ],
              "actions": [
                {
                  "type": {
                    "inverted": false,
                    "value": "Arreter"
                  },
                  "parameters": [
                    "Knife"
                  ],
                  "subInstructions": []
                },
                {
                  "type": {
                    "inverted": false,
                    "value": "Rotate"
                  },
                  "parameters": [
                    "Knife",
                    "Variable(rotate)",
                    ""
                  ],
                  "subInstructions": []
                },
                {
                  "type": {
                    "inverted": false,
                    "value": "ModVarScene"
                  },
                  "parameters": [
                    "spawn",
                    "=",
                    "1"
                  ],
                  "subInstructions": []
                }
              ],
              "events": []
            },
            {
              "disabled": false,
              "folded": false,
              "type": "BuiltinCommonInstructions::Standard",
              "conditions": [
                {
                  "type": {
                    "inverted": false,
                    "value": "VarScene"
                  },
                  "parameters": [
                    "dir",
                    "=",
                    "1"
                  ],
                  "subInstructions": []
                },
                {
                  "type": {
                    "inverted": false,
                    "value": "BuiltinCommonInstructions::Once"
                  },
                  "parameters": [],
                  "subInstructions": []
                }
              ],
              "actions": [
                {
                  "type": {
                    "inverted": false,
                    "value": "ModVarScene"
                  },
                  "parameters": [
                    "rotate",
                    "=",
                    "-100"
                  ],
                  "subInstructions": []
                }
              ],
              "events": []
            },
            {
              "disabled": false,
              "folded": false,
              "type": "BuiltinCommonInstructions::Standard",
              "conditions": [
                {
                  "type": {
                    "inverted": false,
                    "value": "VarScene"
                  },
                  "parameters": [
                    "dir",
                    "=",
                    "0"
                  ],
                  "subInstructions": []
                },
                {
                  "type": {
                    "inverted": false,
                    "value": "BuiltinCommonInstructions::Once"
                  },
                  "parameters": [],
                  "subInstructions": []
                }
              ],
              "actions": [
                {
                  "type": {
                    "inverted": false,
                    "value": "ModVarScene"
                  },
                  "parameters": [
                    "rotate",
                    "=",
                    "100"
                  ],
                  "subInstructions": []
                }
              ],
              "events": []
            },
            {
              "disabled": false,
              "folded": false,
              "type": "BuiltinCommonInstructions::Standard",
              "conditions": [],
              "actions": [
                {
                  "type": {
                    "inverted": false,
                    "value": "Rotate"
                  },
                  "parameters": [
                    "wood",
                    "Variable(rotate)",
                    ""
                  ],
                  "subInstructions": []
                }
              ],
              "events": []
            }
          ],
          "parameters": []
        },
        {
          "colorB": 28,
          "colorG": 231,
          "colorR": 248,
          "creationTime": 0,
          "disabled": false,
          "folded": false,
          "name": "scoring",
          "source": "",
          "type": "BuiltinCommonInstructions::Group",
          "events": [
            {
              "disabled": false,
              "folded": false,
              "type": "BuiltinCommonInstructions::Standard",
              "conditions": [
                {
                  "type": {
                    "inverted": false,
                    "value": "CollisionNP"
                  },
                  "parameters": [
                    "Knife",
                    "scorebox",
                    "",
                    "",
                    ""
                  ],
                  "subInstructions": []
                },
                {
                  "type": {
                    "inverted": true,
                    "value": "CollisionNP"
                  },
                  "parameters": [
                    "Knife",
                    "wood",
                    "",
                    "",
                    ""
                  ],
                  "subInstructions": []
                },
                {
                  "type": {
                    "inverted": false,
                    "value": "BuiltinCommonInstructions::Once"
                  },
                  "parameters": [],
                  "subInstructions": []
                }
              ],
              "actions": [
                {
                  "type": {
                    "inverted": false,
                    "value": "ModVarScene"
                  },
                  "parameters": [
                    "Score",
                    "+",
                    "1"
                  ],
                  "subInstructions": []
                },
                {
                  "type": {
                    "inverted": false,
                    "value": "ModVarScene"
                  },
                  "parameters": [
                    "dir",
                    "=",
                    "RandomInRange(0, 1)"
                  ],
                  "subInstructions": []
                }
              ],
              "events": []
            },
            {
              "disabled": false,
              "folded": false,
              "type": "BuiltinCommonInstructions::Standard",
              "conditions": [],
              "actions": [
                {
                  "type": {
                    "inverted": false,
                    "value": "TextObject::String"
                  },
                  "parameters": [
                    "score",
                    "=",
                    "VariableString(Score)"
                  ],
                  "subInstructions": []
                }
              ],
              "events": []
            }
          ],
          "parameters": []
        },
        {
          "colorB": 33,
          "colorG": 211,
          "colorR": 126,
          "creationTime": 0,
          "disabled": false,
          "folded": false,
          "name": "Respawn Knife",
          "source": "",
          "type": "BuiltinCommonInstructions::Group",
          "events": [
            {
              "disabled": false,
              "folded": false,
              "type": "BuiltinCommonInstructions::Standard",
              "conditions": [
                {
                  "type": {
                    "inverted": false,
                    "value": "VarScene"
                  },
                  "parameters": [
                    "spawn",
                    "=",
                    "1"
                  ],
                  "subInstructions": []
                },
                {
                  "type": {
                    "inverted": false,
                    "value": "Timer"
                  },
                  "parameters": [
                    "",
                    "1.5",
                    "\"spawn\""
                  ],
                  "subInstructions": []
                },
                {
                  "type": {
                    "inverted": false,
                    "value": "PosY"
                  },
                  "parameters": [
                    "Knife",
                    "<",
                    "300"
                  ],
                  "subInstructions": []
                }
              ],
              "actions": [
                {
                  "type": {
                    "inverted": false,
                    "value": "Create"
                  },
                  "parameters": [
                    "",
                    "Knife",
                    "200",
                    "390",
                    ""
                  ],
                  "subInstructions": []
                },
                {
                  "type": {
                    "inverted": false,
                    "value": "ModVarScene"
                  },
                  "parameters": [
                    "spawn",
                    "=",
                    "0"
                  ],
                  "subInstructions": []
                },
                {
                  "type": {
                    "inverted": false,
                    "value": "ResetTimer"
                  },
                  "parameters": [
                    "",
                    "\"spawn\""
                  ],
                  "subInstructions": []
                }
              ],
              "events": []
            }
          ],
          "parameters": []
        }
      ],
      "layers": [
        {
          "name": "",
          "visibility": true,
          "cameras": [
            {
              "defaultSize": true,
              "defaultViewport": true,
              "height": 0,
              "viewportBottom": 1,
              "viewportLeft": 0,
              "viewportRight": 1,
              "viewportTop": 0,
              "width": 0
            }
          ],
          "effects": []
        }
      ],
      "behaviorsSharedData": []
    },
    {
      "b": 209,
      "disableInputWhenNotFocused": true,
      "mangledName": "setting",
      "name": "setting",
      "oglFOV": 90,
      "oglZFar": 500,
      "oglZNear": 1,
      "r": 209,
      "standardSortMethod": true,
      "stopSoundsOnStartup": true,
      "title": "",
      "v": 209,
      "uiSettings": {
        "grid": false,
        "gridB": 255,
        "gridG": 180,
        "gridHeight": 32,
        "gridOffsetX": 0,
        "gridOffsetY": 0,
        "gridR": 158,
        "gridWidth": 32,
        "snap": true,
        "windowMask": false,
        "zoomFactor": 0.688
      },
      "objectsGroups": [],
      "variables": [],
      "instances": [
        {
          "angle": 0,
          "customSize": true,
          "height": 600,
          "layer": "",
          "locked": false,
          "name": "Bg",
          "width": 400,
          "x": 0,
          "y": 0,
          "zOrder": -1,
          "numberProperties": [],
          "stringProperties": [],
          "initialVariables": []
        },
        {
          "angle": 0,
          "customSize": false,
          "height": 0,
          "layer": "",
          "locked": false,
          "name": "back",
          "width": 0,
          "x": 8,
          "y": 15,
          "zOrder": 0,
          "numberProperties": [],
          "stringProperties": [],
          "initialVariables": []
        },
        {
          "angle": 0,
          "customSize": false,
          "height": 0,
          "layer": "",
          "locked": false,
          "name": "logo",
          "width": 0,
          "x": 138,
          "y": 318,
          "zOrder": 1,
          "numberProperties": [
            {
              "name": "animation",
              "value": 1
            }
          ],
          "stringProperties": [],
          "initialVariables": []
        }
      ],
      "objects": [
        {
          "name": "Bg",
          "tags": "",
          "type": "Sprite",
          "updateIfNotVisible": false,
          "variables": [],
          "behaviors": [],
          "animations": [
            {
              "name": "",
              "useMultipleDirections": false,
              "directions": [
                {
                  "looping": false,
                  "timeBetweenFrames": 0.08,
                  "sprites": [
                    {
                      "hasCustomCollisionMask": false,
                      "image": "Home\\Setting\\BG1.png",
                      "points": [],
                      "originPoint": {
                        "name": "origine",
                        "x": 0,
                        "y": 0
                      },
                      "centerPoint": {
                        "automatic": true,
                        "name": "centre",
                        "x": 0,
                        "y": 0
                      },
                      "customCollisionMask": []
                    }
                  ]
                }
              ]
            }
          ]
        },
        {
          "name": "back",
          "tags": "",
          "type": "Sprite",
          "updateIfNotVisible": false,
          "variables": [],
          "behaviors": [],
          "animations": [
            {
              "name": "",
              "useMultipleDirections": false,
              "directions": [
                {
                  "looping": false,
                  "timeBetweenFrames": 0.08,
                  "sprites": [
                    {
                      "hasCustomCollisionMask": false,
                      "image": "Home\\Setting\\setting_back.png",
                      "points": [],
                      "originPoint": {
                        "name": "origine",
                        "x": 0,
                        "y": 0
                      },
                      "centerPoint": {
                        "automatic": true,
                        "name": "centre",
                        "x": 0,
                        "y": 0
                      },
                      "customCollisionMask": []
                    }
                  ]
                }
              ]
            }
          ]
        },
        {
          "name": "logo",
          "tags": "",
          "type": "Sprite",
          "updateIfNotVisible": false,
          "variables": [],
          "behaviors": [],
          "animations": [
            {
              "name": "",
              "useMultipleDirections": false,
              "directions": [
                {
                  "looping": false,
                  "timeBetweenFrames": 0.08,
                  "sprites": [
                    {
                      "hasCustomCollisionMask": false,
                      "image": "Home\\Setting\\setting_button_off.png",
                      "points": [],
                      "originPoint": {
                        "name": "origine",
                        "x": 0,
                        "y": 0
                      },
                      "centerPoint": {
                        "automatic": true,
                        "name": "centre",
                        "x": 0,
                        "y": 0
                      },
                      "customCollisionMask": []
                    }
                  ]
                }
              ]
            },
            {
              "name": "",
              "useMultipleDirections": false,
              "directions": [
                {
                  "looping": false,
                  "timeBetweenFrames": 0.08,
                  "sprites": [
                    {
                      "hasCustomCollisionMask": false,
                      "image": "Home\\Setting\\setting_button_on.png",
                      "points": [],
                      "originPoint": {
                        "name": "origine",
                        "x": 0,
                        "y": 0
                      },
                      "centerPoint": {
                        "automatic": true,
                        "name": "centre",
                        "x": 0,
                        "y": 0
                      },
                      "customCollisionMask": []
                    }
                  ]
                }
              ]
            }
          ]
        }
      ],
      "events": [
        {
          "disabled": false,
          "folded": false,
          "type": "BuiltinCommonInstructions::Standard",
          "conditions": [],
          "actions": [],
          "events": []
        },
        {
          "disabled": false,
          "folded": false,
          "type": "BuiltinCommonInstructions::Standard",
          "conditions": [
            {
              "type": {
                "inverted": false,
                "value": "SourisSurObjet"
              },
              "parameters": [
                "back",
                "",
                "",
                ""
              ],
              "subInstructions": []
            },
            {
              "type": {
                "inverted": false,
                "value": "MouseButtonReleased"
              },
              "parameters": [
                "",
                "Left"
              ],
              "subInstructions": []
            }
          ],
          "actions": [
            {
              "type": {
                "inverted": false,
                "value": "Scene"
              },
              "parameters": [
                "",
                "\"Menu\"",
                ""
              ],
              "subInstructions": []
            }
          ],
          "events": []
        },
        {
          "disabled": true,
          "folded": false,
          "type": "BuiltinCommonInstructions::Standard",
          "conditions": [
            {
              "type": {
                "inverted": false,
                "value": "MouseButtonReleased"
              },
              "parameters": [
                "",
                "Left"
              ],
              "subInstructions": []
            }
          ],
          "actions": [
            {
              "type": {
                "inverted": false,
                "value": "Scene"
              },
              "parameters": [
                "",
                "\"main \"",
                ""
              ],
              "subInstructions": []
            }
          ],
          "events": []
        }
      ],
      "layers": [
        {
          "name": "",
          "visibility": true,
          "cameras": [
            {
              "defaultSize": true,
              "defaultViewport": true,
              "height": 0,
              "viewportBottom": 1,
              "viewportLeft": 0,
              "viewportRight": 1,
              "viewportTop": 0,
              "width": 0
            }
          ],
          "effects": []
        }
      ],
      "behaviorsSharedData": []
    }
  ],
  "externalEvents": [],
  "eventsFunctionsExtensions": [],
  "externalLayouts": [],
  "externalSourceFiles": []
}